id,first_name,last_name,email,gender,phone_number,address
1,Stacee,Longhorne,slonghorne0@ucsd.edu,Female,690-147-4246,"475-264 Convallis, Road"
2,Sean,Mobley,smobley1@moonfruit.com,Female,240-807-4843,Ap #684-9236 Maecenas Ave
3,Junie,Lope,jlope2@studiopress.com,Genderfluid,349-227-5300,"P.O. Box 961, 7989 Cursus Ave"
4,Eberto,Rodrigues,erodrigues3@ifeng.com,Polygender,267-874-3856,Ap #385-6416 Penatibus Av.
5,Merilyn,Bunyard,mbunyard4@wired.com,Female,417-249-4581,Ap #618-653 Pellentesque Road
6,Thedrick,Simond,tsimond5@bluehost.com,Male,298-327-6494,913-2241 Proin Avenue
7,Flory,Brinkley,fbrinkley6@kickstarter.com,Female,410-951-1487,Ap #148-2708 Lobortis Rd.
8,Glen,Ismirnioglou,gismirnioglou7@tiny.cc,Male,493-499-2000,Ap #655-9894 Quis Road
9,Eveleen,Hele,ehele8@scribd.com,Female,790-208-8579,489-2636 Sed Road
10,Yehudit,Allnutt,yallnutt9@geocities.jp,Male,269-198-9659,521-3160 Quisque Avenue
11,Glennie,Driuzzi,gdriuzzia@free.fr,Female,957-229-0511,"P.O. Box 734, 1144 Ac St."
12,Barrie,MacMorland,bmacmorlandb@storify.com,Female,727-236-7400,5801 Est. St.
13,Cathie,Bilton,cbiltonc@ox.ac.uk,Non-binary,626-736-5241,3067 Nec Ave
14,Salomo,Feldhorn,sfeldhornd@odnoklassniki.ru,Male,155-134-6920,"P.O. Box 638, 4462 Nibh. Avenue"
15,Monty,Floris,mflorise@nymag.com,Male,156-875-5803,Ap #558-3693 Sem St.
16,Georgianne,Stanbury,gstanburyf@edublogs.org,Female,567-257-1252,"Ap #630-5142 Montes, Rd."
17,Garwood,Maeer,gmaeerg@sbwire.com,Male,584-423-4602,"113-179 Dolor, Av."
18,Bondy,Dinley,bdinleyh@dion.ne.jp,Male,555-628-0491,165-3867 Sed St.
19,Ilene,Senter,isenteri@twitpic.com,Female,892-910-7624,Ap #516-7746 Malesuada Av.
20,Stephanus,Coller,scollerj@phoca.cz,Male,744-855-4054,9076 Dui. Av.
21,June,Eddis,jeddisk@eepurl.com,Genderfluid,220-327-5460,472-9798 Integer Ave
22,Wallache,Bartolacci,wbartolaccil@whitehouse.gov,Male,541-371-1492,Ap #369-8259 Eget Avenue
23,Abigael,Pitney,apitneym@yahoo.com,Female,954-700-2230,8406 Orci Ave
24,Gus,Pyle,gpylen@businessinsider.com,Male,319-286-9487,475-1072 Donec Av.
25,Jaquenette,Heritege,jheritegeo@go.com,Female,682-680-2599,3974 Dictum Av.
26,Carlin,Sutherden,csutherdenp@patch.com,Bigender,672-530-7245,"9372 A, Avenue"
27,Axe,Shellum,ashellumq@latimes.com,Male,190-117-6632,Ap #737-7356 Lobortis Road
28,Antin,Danford,adanfordr@yellowpages.com,Male,552-632-3793,Ap #186-5152 Facilisi. Street
29,Nadiya,Cutford,ncutfords@wikispaces.com,Female,106-474-4255,Ap #971-7164 Sem Av.
30,Trumann,Hanning,thanningt@t.co,Male,774-752-1308,385-1494 Mauris Road
31,Nilson,Lindholm,nlindholmu@xing.com,Male,188-562-2929,"Ap #386-7266 Orci, St."
32,Corinna,Ballach,cballachv@apache.org,Bigender,845-723-0403,"785-4955 Et, Rd."
33,Corilla,Moffatt,cmoffattw@xrea.com,Female,504-547-2562,315-5237 Iaculis Ave
34,Karlyn,McGlaud,kmcglaudx@latimes.com,Female,468-336-3833,"P.O. Box 342, 4545 Convallis Ave"
35,Arnuad,Bridgement,abridgementy@so-net.ne.jp,Male,245-242-1843,307-2351 Etiam St.
36,Cameron,Clamp,cclampz@tripod.com,Male,894-200-0115,"P.O. Box 745, 6701 Metus Street"
37,Lorenzo,Carncross,lcarncross10@addtoany.com,Male,111-679-3106,320-9760 Lacinia St.
38,Dredi,Belvin,dbelvin11@businessinsider.com,Female,778-597-9189,821-4905 Sed Rd.
39,Charline,Ponting,cponting12@photobucket.com,Female,417-807-8603,103-4471 Sit Rd.
40,Hasheem,Spurgeon,hspurgeon13@blinklist.com,Male,446-473-4101,388-3510 Cras Ave
41,Hayyim,Eisikovitsh,heisikovitsh14@rambler.ru,Male,702-361-3916,Ap #221-2272 Augue Ave
42,Basilio,Lunnon,blunnon15@reference.com,Bigender,922-800-7719,Ap #365-8359 Eu Rd.
43,Homer,Alred,halred16@ca.gov,Male,639-354-2723,271-7872 Mauris St.
44,Devland,Jentle,djentle17@cornell.edu,Male,639-742-0484,Ap #927-4217 Cursus Street
45,Claudius,Suller,csuller18@photobucket.com,Male,103-133-9832,"512-6790 Auctor, Av."
46,Any,Sabater,asabater19@illinois.edu,Male,410-668-7895,1395 Ipsum Street
47,Thorin,Poller,tpoller1a@example.com,Male,472-808-7234,"P.O. Box 878, 3603 Non Avenue"
48,Gilly,Greenhaugh,ggreenhaugh1b@t-online.de,Non-binary,664-897-1041,Ap #752-7781 Erat Rd.
49,Bertha,Philippe,bphilippe1c@paginegialle.it,Female,168-938-1527,"P.O. Box 176, 5673 Eget St."
50,Werner,Hamlet,whamlet1d@i2i.jp,Male,401-344-4142,"Ap #118-7499 Iaculis, Road"
51,Virginie,Aaronson,vaaronson1e@google.it,Female,917-714-6942,"P.O. Box 220, 2483 Felis. St."
52,Bax,Trodler,btrodler1f@wsj.com,Male,833-211-5559,"P.O. Box 251, 936 Ornare. Av."
53,Doro,Copperwaite,dcopperwaite1g@hp.com,Female,417-289-8689,Ap #227-4526 Quisque Rd.
54,Puff,Mee,pmee1h@acquirethisname.com,Male,385-197-2613,610-655 Nullam St.
55,Myranda,Kornacki,mkornacki1i@angelfire.com,Female,217-401-1630,469-4646 Id Road
56,Carlyle,Kryszka,ckryszka1j@nps.gov,Male,321-107-6745,"468-5544 Quis, St."
57,Matthieu,Rother,mrother1k@biglobe.ne.jp,Male,851-334-7036,"P.O. Box 396, 7524 Nulla. Av."
58,Harli,Fullick,hfullick1l@netvibes.com,Female,509-426-9286,706-3473 Pellentesque. St.
59,Zebulon,Shillaker,zshillaker1m@europa.eu,Male,684-858-0534,956 Auctor. Avenue
60,Gregory,Youngs,gyoungs1n@microsoft.com,Bigender,330-746-4873,"P.O. Box 280, 6128 Magnis St."
61,Neron,Roffe,nroffe1o@un.org,Male,616-349-3179,686-277 Eu Avenue
62,Tremayne,Rosellini,trosellini1p@wordpress.com,Male,250-164-1486,2349 Et St.
63,Christabel,Farmiloe,cfarmiloe1q@army.mil,Female,888-314-2733,5318 Luctus Street
64,Jobey,Slegg,jslegg1r@google.co.jp,Female,348-550-5158,578-8765 Sed Rd.
65,Karlik,Middleton,kmiddleton1s@youtu.be,Male,693-984-5312,"289 Lobortis, Ave"
66,Cobbie,Manclark,cmanclark1t@wikispaces.com,Male,539-458-0855,"Ap #605-2656 Odio, Street"
67,Sybyl,Mattocks,smattocks1u@prnewswire.com,Female,324-116-7685,"P.O. Box 476, 2548 Vel Rd."
68,Annabal,Champerlen,achamperlen1v@meetup.com,Female,393-732-7467,"493-329 Pede, Ave"
69,Ax,Duchesne,aduchesne1w@facebook.com,Male,214-481-1712,"2237 Eleifend, Av."
70,Sascha,Merriday,smerriday1x@house.gov,Female,346-907-4229,393 Dui. Av.
71,Gabie,Brownfield,gbrownfield1y@w3.org,Female,377-550-6176,"P.O. Box 675, 5261 Quisque St."
72,Melania,Stephen,mstephen1z@istockphoto.com,Female,981-970-7887,881-8433 Egestas. Avenue
73,Irina,Oller,ioller20@delicious.com,Female,885-314-9922,"P.O. Box 303, 8427 Orci. Rd."
74,Vasilis,Clogg,vclogg21@simplemachines.org,Male,424-929-6742,Ap #157-3614 Varius Ave
75,Janela,Di Matteo,jdimatteo22@soundcloud.com,Female,996-803-4544,"P.O. Box 954, 8478 Mauris Rd."
76,Rustin,Bullas,rbullas23@phpbb.com,Male,628-661-7393,710-647 Odio. Road
77,Billi,Been,bbeen24@nationalgeographic.com,Female,423-566-2341,990-7897 Mattis Avenue
78,Lauryn,Askey,laskey25@businessinsider.com,Female,988-551-4381,444-3994 Parturient Avenue
79,Ozzy,Haswell,ohaswell26@t.co,Male,357-144-1223,413-4582 Dolor St.
80,Denyse,Fullom,dfullom27@booking.com,Female,635-574-9912,851-8860 Nec Avenue
81,Louisette,Dundon,ldundon28@last.fm,Female,122-810-7517,1223 Sagittis. Ave
82,Cordula,Burniston,cburniston29@msn.com,Female,899-299-8263,"P.O. Box 314, 6603 Diam. St."
83,Mycah,Tutin,mtutin2a@webmd.com,Male,706-640-0571,"P.O. Box 524, 121 Nisl St."
84,Anitra,Rangeley,arangeley2b@abc.net.au,Genderfluid,638-562-7902,Ap #886-4324 In St.
85,Lucho,Maxwale,lmaxwale2c@reverbnation.com,Male,585-416-0834,3955 Sociis Avenue
86,Chelsie,Striker,cstriker2d@marketwatch.com,Female,495-497-9485,"P.O. Box 851, 6983 Eleifend Street"
87,Alfreda,Kennard,akennard2e@princeton.edu,Female,773-903-2973,"P.O. Box 285, 9466 Quis, St."
88,Wendell,Falkus,wfalkus2f@smh.com.au,Male,332-491-1038,"P.O. Box 273, 6856 Nulla St."
89,Karlis,Ghelardi,kghelardi2g@thetimes.co.uk,Male,665-772-2713,"380-3605 At, Street"
90,Thorny,Haining,thaining2h@unc.edu,Male,507-410-1836,376-6186 Ante Av.
91,Nora,Del Checolo,ndelchecolo2i@constantcontact.com,Agender,642-596-3807,Ap #338-7158 Lorem St.
92,Lyman,Smardon,lsmardon2j@nydailynews.com,Male,636-254-7077,"P.O. Box 246, 4142 Per St."
93,Benedict,MacLure,bmaclure2k@php.net,Male,453-157-4351,"P.O. Box 563, 8620 Aliquam Road"
94,Georgeanna,Giacomini,ggiacomini2l@auda.org.au,Female,267-531-8740,Ap #705-762 Bibendum Avenue
95,Lissi,Siggee,lsiggee2m@google.de,Female,745-490-7221,"P.O. Box 307, 9224 Id Road"
96,Jamesy,Pegden,jpegden2n@geocities.com,Male,949-104-3696,950-5460 Ut Street
97,Prudence,Keattch,pkeattch2o@un.org,Female,364-727-8043,"971-2199 Vitae, Ave"
98,Phyllis,Bridie,pbridie2p@loc.gov,Female,325-458-0106,"P.O. Box 463, 4730 Laoreet Street"
99,Catherin,Matula,cmatula2q@opensource.org,Female,799-929-9777,Ap #325-755 Non Av.
100,Reade,Tardiff,rtardiff2r@pinterest.com,Male,974-954-6392,Ap #662-7501 In St.